Date,Estimated Price
2020-10-31,10.580747466534376
2020-11-01,10.5778089761734
2020-11-02,10.574906181544065
2020-11-03,10.57203884422779
2020-11-04,10.56920687481761
2020-11-05,10.566409938037395
2020-11-06,10.5636479370296
2020-11-07,10.56092056632042
2020-11-08,10.558227717876434
2020-11-09,10.555569097399712
2020-11-10,10.552944622933865
2020-11-11,10.55035399645567
2020-11-12,10.547797057777643
2020-11-13,10.545273561030626
2020-11-14,10.542783383280039
2020-11-15,10.54032627493143
2020-11-16,10.537902049720287
2020-11-17,10.535510510206223
2020-11-18,10.53315145149827
2020-11-19,10.53082475811243
2020-11-20,10.528530146926641
2020-11-21,10.526267424225807
2020-11-22,10.524036452174187
2020-11-23,10.52183697745204
2020-11-24,10.519668869674206
2020-11-25,10.517531875520945
2020-11-26,10.515425886958838
2020-11-27,10.513350639492273
2020-11-28,10.51130597293377
2020-11-29,10.509291715919971
2020-11-30,10.507307663559914
2020-12-01,10.5053536221385
2020-12-02,10.503429401665926
2020-12-03,10.50153486058116
2020-12-04,10.499669775366783
2020-12-05,10.497833978384733
2020-12-06,10.496027264744043
2020-12-07,10.494249489158392
2020-12-08,10.49250040948391
2020-12-09,10.4907799474895
2020-12-10,10.489087838679552
2020-12-11,10.487423911690712
2020-12-12,10.485788024961948
2020-12-13,10.484179962426424
2020-12-14,10.482599534094334
2020-12-15,10.48104664683342
2020-12-16,10.47952102124691
2020-12-17,10.478022582828999
2020-12-18,10.476551074534655
2020-12-19,10.475106347352266
2020-12-20,10.473688218742609
2020-12-21,10.4722965285182
2020-12-22,10.47093117237091
2020-12-23,10.469591822475195
2020-12-24,10.468278471380472
2020-12-25,10.466990824788809
2020-12-26,10.465728800743818
2020-12-27,10.464492179453373
2020-12-28,10.463280782103539
2020-12-29,10.462094500660896
2020-12-30,10.460933104157448
2020-12-31,10.459796477109194
2021-01-01,10.458684459328651
2021-01-02,10.457596819847822
2021-01-03,10.456533469259739
2021-01-04,10.455494187772274
2021-01-05,10.454478856176138
2021-01-06,10.453487243503332
2021-01-07,10.452519278973341
2021-01-08,10.451574757695198
2021-01-09,10.45065352320671
2021-01-10,10.449755404144526
2021-01-11,10.44888024404645
2021-01-12,10.448027901351452
2021-01-13,10.447198197245598
2021-01-14,10.446390978991985
2021-01-15,10.445606149733067
2021-01-16,10.44484344497323
2021-01-17,10.444102767854929
2021-01-18,10.443383999168873
2021-01-19,10.442686926573515
2021-01-20,10.442011423408985
2021-01-21,10.441357307136059
2021-01-22,10.440724480897188
2021-01-23,10.44011277332902
2021-01-24,10.439521994441748
2021-01-25,10.438952039927244
2021-01-26,10.438402734696865
2021-01-27,10.43787395954132
2021-01-28,10.437365550547838
2021-01-29,10.436877314001322
2021-01-30,10.436409160494804
2021-01-31,10.435960933566093
2021-02-01,10.435532495379448
2021-02-02,10.435123685747385
2021-02-03,10.434734340757132
2021-02-04,10.434364348649979
2021-02-05,10.434013552963734
2021-02-06,10.433681808412075
2021-02-07,10.433369010686874
2021-02-08,10.433074947446585
2021-02-09,10.43279954046011
2021-02-10,10.432542599737644
2021-02-11,10.43230402842164
2021-02-12,10.432083684951067
2021-02-13,10.43188139423728
2021-02-14,10.43169704452157
2021-02-15,10.431530494242907
2021-02-16,10.431381624192
2021-02-17,10.431250277906656
2021-02-18,10.431136343628168
2021-02-19,10.43103963509202
2021-02-20,10.430960047990084
2021-02-21,10.43089747056365
2021-02-22,10.430851731449366
2021-02-23,10.430822718888521
2021-02-24,10.430810309946537
2021-02-25,10.430814370512962
2021-02-26,10.430834747850895
2021-02-27,10.430871326476336
2021-02-28,10.430923990905285
2021-03-01,10.43099257349968
2021-03-02,10.431076984852552
2021-03-03,10.431177113205194
2021-03-04,10.431292794644833
2021-03-05,10.431423887610435
2021-03-06,10.431570272892714
2021-03-07,10.43173186480999
2021-03-08,10.431908532977104
2021-03-09,10.432100113481283
2021-03-10,10.43230651691556
2021-03-11,10.432527620345354
2021-03-12,10.432763241231441
2021-03-13,10.43301335722208
2021-03-14,10.433277748525143
2021-03-15,10.433556396514177
2021-03-16,10.433849077671766
2021-03-17,10.434155724942684
2021-03-18,10.434476237744093
2021-03-19,10.434810478240252
2021-03-20,10.43515832349658
2021-03-21,10.435519617050886
2021-03-22,10.435894344002008
2021-03-23,10.43628228455782
2021-03-24,10.436683405190706
2021-03-25,10.437097504734993
2021-03-26,10.437524572014809
2021-03-27,10.437964394688606
2021-03-28,10.43841689452529
2021-03-29,10.438881985843182
2021-03-30,10.43935952335596
2021-03-31,10.439849447458982
2021-04-01,10.440351579338312
2021-04-02,10.440865833312273
2021-04-03,10.441392097622156
2021-04-04,10.441930279135704
2021-04-05,10.442480254918337
2021-04-06,10.443041931837797
2021-04-07,10.443615168333054
2021-04-08,10.44419989734888
2021-04-09,10.444795981049538
2021-04-10,10.445403326302767
2021-04-11,10.446021866053343
2021-04-12,10.446651391685009
2021-04-13,10.447291910648346
2021-04-14,10.447943240404129
2021-04-15,10.448605351150036
2021-04-16,10.44927804172039
2021-04-17,10.449961308389902
2021-04-18,10.450654994696379
2021-04-19,10.451359007507563
2021-04-20,10.452073238790035
2021-04-21,10.45279760658741
2021-04-22,10.45353201776743
2021-04-23,10.45427630841732
2021-04-24,10.455030478537083
2021-04-25,10.455794360488653
2021-04-26,10.456567872315645
2021-04-27,10.457350943237543
2021-04-28,10.458143442869186
2021-04-29,10.458945319056511
2021-04-30,10.45975637435913
2021-05-01,10.460576612502337
2021-05-02,10.461405921727419
2021-05-03,10.46224419400096
2021-05-04,10.46309132501483
2021-05-05,10.463947214186192
2021-05-06,10.464811854064465
2021-05-07,10.465685032308102
2021-05-08,10.466566741466522
2021-05-09,10.467456847429276
2021-05-10,10.468355268239975
2021-05-11,10.469261959195137
2021-05-12,10.47017676755786
2021-05-13,10.471099596470594
2021-05-14,10.472030449658632
2021-05-15,10.472969129681587
2021-05-16,10.473915614187717
2021-05-17,10.474869817495346
2021-05-18,10.475831616669893
2021-05-19,10.476800922304392
2021-05-20,10.47777770459652
2021-05-21,10.478761836886406
2021-05-22,10.479753263294697
2021-05-23,10.48075183853507
2021-05-24,10.481757540255785
2021-05-25,10.482770297676325
2021-05-26,10.483789946883917
2021-05-27,10.48481647670269
2021-05-28,10.485849786549807
2021-05-29,10.48688979446888
2021-05-30,10.48793639242649
2021-05-31,10.48898958042264
2021-06-01,10.490049187093973
2021-06-02,10.491115160286427
2021-06-03,10.492187432944775
2021-06-04,10.493265949189663
2021-06-05,10.494350627064705
2021-06-06,10.49544133618474
2021-06-07,10.496538009494543
2021-06-08,10.497640646994114
2021-06-09,10.498749103397131
2021-06-10,10.499863289296627
2021-06-11,10.500983197242022
2021-06-12,10.502108719199896
2021-06-13,10.503239776939154
2021-06-14,10.504376295953989
2021-06-15,10.505518179386854
2021-06-16,10.506665408611298
2021-06-17,10.5078178755939
2021-06-18,10.5089755281806
2021-06-19,10.510138269513845
2021-06-20,10.511306051164865
2021-06-21,10.512478813529015
2021-06-22,10.513656452298164
2021-06-23,10.514838919043541
2021-06-24,10.516026135534048
2021-06-25,10.517218083143234
2021-06-26,10.518414597958326
2021-06-27,10.519615683704615
2021-06-28,10.5208212248981
2021-06-29,10.522031240165234
2021-06-30,10.523245565593243
2021-07-01,10.524464197456837
2021-07-02,10.525687046349049
2021-07-03,10.526914086192846
2021-07-04,10.528145164251328
2021-07-05,10.52938026189804
2021-07-06,10.530619349330664
2021-07-07,10.5318623483181
2021-07-08,10.533109199255705
2021-07-09,10.534359812736511
2021-07-10,10.535614114254713
2021-07-11,10.536872111260891
2021-07-12,10.538133677095175
2021-07-13,10.5393987596035
2021-07-14,10.540667369961739
2021-07-15,10.541939366608858
2021-07-16,10.543214716017246
2021-07-17,10.544493339955807
2021-07-18,10.545775230973959
2021-07-19,10.547060314565897
2021-07-20,10.548348519951105
2021-07-21,10.549639753997326
2021-07-22,10.550934012979269
2021-07-23,10.552231226116419
2021-07-24,10.553531352430582
2021-07-25,10.554834321141243
2021-07-26,10.556140046566725
2021-07-27,10.557448532432318
2021-07-28,10.558759678155184
2021-07-29,10.560073476284742
2021-07-30,10.561389811336994
2021-07-31,10.562708705663681
2021-08-01,10.564030040055513
2021-08-02,10.565353821963072
2021-08-03,10.566679939627647
2021-08-04,10.568008366972208
2021-08-05,10.569339085370302
2021-08-06,10.57067197561264
2021-08-07,10.572007052600384
2021-08-08,10.573344241827726
2021-08-09,10.574683506041765
2021-08-10,10.576024767011404
2021-08-11,10.57736798375845
2021-08-12,10.578713156282902
2021-08-13,10.580060176551342
2021-08-14,10.581409018486738
2021-08-15,10.582759637385607
2021-08-16,10.584112014621496
2021-08-17,10.585466042160988
2021-08-18,10.586821723729372
2021-08-19,10.588179014623165
2021-08-20,10.58953782916069
2021-08-21,10.590898171067238
2021-08-22,10.592259980738163
2021-08-23,10.59362319484353
2021-08-24,10.594987779855728
2021-08-25,10.596353705972433
2021-08-26,10.597720921039581
2021-08-27,10.599089369177818
2021-08-28,10.600459054112434
2021-08-29,10.601829893887043
2021-08-30,10.603201866149902
2021-08-31,10.604574907571077
2021-09-01,10.605949014425278
2021-09-02,10.607324093580246
2021-09-03,10.608700152486563
2021-09-04,10.610077146440744
2021-09-05,10.611455012112856
2021-09-06,10.61283377557993
2021-09-07,10.614213317632675
2021-09-08,10.61559358984232
2021-09-09,10.616974655538797
2021-09-10,10.61835641041398
2021-09-11,10.619738839566708
2021-09-12,10.621121849864721
2021-09-13,10.622505497187376
2021-09-14,10.623889699578285
2021-09-15,10.625274419784546
2021-09-16,10.626659624278545
2021-09-17,10.62804526090622
2021-09-18,10.62943135201931
2021-09-19,10.63081781566143
2021-09-20,10.632204610854387
2021-09-21,10.633591778576374
2021-09-22,10.63497917726636
2021-09-23,10.636366855353117
2021-09-24,10.637754753232002
2021-09-25,10.639142900705338
2021-09-26,10.640531163662672
2021-09-27,10.641919538378716
2021-09-28,10.643308024853468
2021-09-29,10.644696593284607
2021-09-30,10.646085184067488
2021-10-01,10.647473819553852
2021-10-02,10.648862428963184
2021-10-03,10.65025096014142
2021-10-04,10.651639480143785
2021-10-05,10.653027836233377
2021-10-06,10.65441608428955
2021-10-07,10.655804190784693
2021-10-08,10.65719211101532
2021-10-09,10.658579800277948
2021-10-10,10.6599672883749
2021-10-11,10.661354470998049
2021-10-12,10.662741418927908
2021-10-13,10.66412802785635
2021-10-14,10.665514294058084
2021-10-15,10.66690019518137
2021-10-16,10.668285705149174
2021-10-17,10.669670809060335
2021-10-18,10.671055503189564
2021-10-19,10.672439709305763
2021-10-20,10.673823449760675
2021-10-21,10.67520670965314
2021-10-22,10.676589407026768
2021-10-23,10.677971597760916
2021-10-24,10.679353177547455
2021-10-25,10.680734183639288
2021-10-26,10.68211455643177
2021-10-27,10.683494351804256
2021-10-28,10.684873476624489
2021-10-29,10.686251904815435
2021-10-30,10.687629647552967
2021-10-31,10.689006678760052
2021-11-01,10.690382979810238
2021-11-02,10.691758535802364
2021-11-03,10.693133309483528
2021-11-04,10.69450730457902
2021-11-05,10.69588052853942
2021-11-06,10.697252914309502
2021-11-07,10.698624454438686
2021-11-08,10.699995089322329
2021-11-09,10.701364908367395
2021-11-10,10.702733840793371
2021-11-11,10.704101838171482
2021-11-12,10.70546891540289
2021-11-13,10.706835061311722
2021-11-14,10.708200260996819
2021-11-15,10.709564507007599
2021-11-16,10.710927728563547
2021-11-17,10.712289996445179
2021-11-18,10.71365124732256
2021-11-19,10.715011470019817
2021-11-20,10.71637063845992
2021-11-21,10.717728771269321
2021-11-22,10.719085812568665
2021-11-23,10.720441784709692
2021-11-24,10.721796702593565
2021-11-25,10.72315051779151
2021-11-26,10.724503189325333
2021-11-27,10.725854720920324
2021-11-28,10.727205164730549
2021-11-29,10.728554427623749
2021-11-30,10.729902528226376
2021-12-01,10.731249447911978
2021-12-02,10.732595261186361
2021-12-03,10.733939822763205
2021-12-04,10.735283192247152
2021-12-05,10.736625373363495
2021-12-06,10.737966302782297
2021-12-07,10.739306051284075
2021-12-08,10.740644570440054
2021-12-09,10.741981789469719
2021-12-10,10.74331784248352
2021-12-11,10.744652539491653
2021-12-12,10.745986059308052
2021-12-13,10.747318252921104
2021-12-14,10.748649172484875
2021-12-15,10.749978829175234
2021-12-16,10.751307141035795
2021-12-17,10.752634204924107
2021-12-18,10.753959950059652
2021-12-19,10.755284380167723
2021-12-20,10.756607480347157
2021-12-21,10.757929313927889
2021-12-22,10.759249798953533
2021-12-23,10.760568924248219
2021-12-24,10.761886693537235
2021-12-25,10.763203155249357
2021-12-26,10.76451825723052
2021-12-27,10.765832055360079
2021-12-28,10.767144445329905
2021-12-29,10.768455531448126
2021-12-30,10.769765216857195
2021-12-31,10.771073579788208
2022-01-01,10.77238054573536
2022-01-02,10.773686166852713
2022-01-03,10.774990417063236
2022-01-04,10.77629329264164
2022-01-05,10.777594778686762
2022-01-06,10.77889496088028
2022-01-07,10.780193693935871
2022-01-08,10.781491085886955
2022-01-09,10.7827871106565
2022-01-10,10.784081753343344
2022-01-11,10.785374980419874
2022-01-12,10.786666873842478
2022-01-13,10.787957422435284
2022-01-14,10.789246551692486
2022-01-15,10.790534321218729
2022-01-16,10.791820734739304
2022-01-17,10.793105747550726
2022-01-18,10.794389396905899
2022-01-19,10.7956716530025
2022-01-20,10.796952553093433
2022-01-21,10.798232141882181
2022-01-22,10.799510322511196
2022-01-23,10.800787143409252
2022-01-24,10.8020626232028
2022-01-25,10.803336761891842
2022-01-26,10.804609537124634
2022-01-27,10.805880937725306
2022-01-28,10.807151015847921
2022-01-29,10.80841975286603
2022-01-30,10.80968714132905
2022-01-31,10.810953188687563
2022-02-01,10.812217928469181
2022-02-02,10.813481349498034
2022-02-03,10.814743429422379
2022-02-04,10.816004168242216
2022-02-05,10.817263655364513
2022-02-06,10.818521820008755
2022-02-07,10.819778699427843
2022-02-08,10.821034245193005
2022-02-09,10.822288528084755
2022-02-10,10.823541533201933
2022-02-11,10.824793267995119
2022-02-12,10.826043713837862
2022-02-13,10.827292934060097
2022-02-14,10.828540839254856
2022-02-15,10.829787533730268
2022-02-16,10.83103298023343
2022-02-17,10.832277245819569
2022-02-18,10.833520222455263
2022-02-19,10.83476197719574
2022-02-20,10.836002565920353
2022-02-21,10.837241940200329
2022-02-22,10.838480096310377
2022-02-23,10.839717101305723
2022-02-24,10.840952917933464
2022-02-25,10.842187538743019
2022-02-26,10.843421041965485
2022-02-27,10.844653367996216
2022-02-28,10.8458845987916
2022-03-01,10.847114659845829
2022-03-02,10.84834360703826
2022-03-03,10.849571462720633
2022-03-04,10.850798219442368
2022-03-05,10.852023843675852
2022-03-06,10.853248428553343
2022-03-07,10.854471907019615
2022-03-08,10.855694375932217
2022-03-09,10.856915760785341
2022-03-10,10.858136102557182
2022-03-11,10.859355438500643
2022-03-12,10.860573779791594
2022-03-13,10.861791089177132
2022-03-14,10.86300740391016
2022-03-15,10.864222757518291
2022-03-16,10.865437183529139
2022-03-17,10.866650592535734
2022-03-18,10.867863066494465
2022-03-19,10.869074612855911
2022-03-20,10.870285261422396
2022-03-21,10.871495001018047
2022-03-22,10.872703850269318
2022-03-23,10.873911835253239
2022-03-24,10.875118892639875
2022-03-25,10.87632516399026
2022-03-26,10.877530556172132
2022-03-27,10.87873512879014
2022-03-28,10.879938907921314
2022-03-29,10.881141897290945
2022-03-30,10.882344089448452
2022-03-31,10.883545517921448
2022-04-01,10.884746186435223
2022-04-02,10.885946094989777
2022-04-03,10.887145332992077
2022-04-04,10.888343792408705
2022-04-05,10.889541633427143
2022-04-06,10.890738688409328
2022-04-07,10.891935173422098
2022-04-08,10.893130950629711
2022-04-09,10.894326131790876
2022-04-10,10.89552066102624
2022-04-11,10.896714635193348
2022-04-12,10.897907961159945
2022-04-13,10.899100728332996
2022-04-14,10.900292951613665
2022-04-15,10.90148463472724
2022-04-16,10.902675814926624
2022-04-17,10.903866413980722
2022-04-18,10.905056595802307
2022-04-19,10.906246289610863
2022-04-20,10.907435491681099
2022-04-21,10.908624269068241
2022-04-22,10.909812610596418
2022-04-23,10.911000590771437
2022-04-24,10.91218813881278
2022-04-25,10.913375299423933
2022-04-26,10.914562162011862
2022-04-27,10.915748666971922
2022-04-28,10.916934829205275
2022-04-29,10.918120689690113
2022-04-30,10.919306244701147
2022-05-01,10.920491568744183
2022-05-02,10.921676643192768
2022-05-03,10.922861445695162
2022-05-04,10.924046114087105
2022-05-05,10.925230510532856
2022-05-06,10.926414761692286
2022-05-07,10.927598856389523
2022-05-08,10.928782813251019
2022-05-09,10.929966628551483
2022-05-10,10.931150369346142
2022-05-11,10.93233397603035
2022-05-12,10.933517586439848
2022-05-13,10.93470111489296
2022-05-14,10.935884598642588
2022-05-15,10.937068104743958
2022-05-16,10.938251599669456
2022-05-17,10.93943516165018
2022-05-18,10.940618716180325
2022-05-19,10.94180241599679
2022-05-20,10.942986153066158
2022-05-21,10.944170009344816
2022-05-22,10.945354010909796
2022-05-23,10.946538157761097
2022-05-24,10.94772244989872
2022-05-25,10.94890695437789
2022-05-26,10.950091660022736
2022-05-27,10.951276618987322
2022-05-28,10.952461794018745
2022-05-29,10.953647244721651
2022-05-30,10.95483297482133
2022-05-31,10.956019062548876
2022-06-01,10.957205433398485
2022-06-02,10.958392154425383
2022-06-03,10.959579285234213
2022-06-04,10.960766769945621
2022-06-05,10.961954709142447
2022-06-06,10.963143046945333
2022-06-07,10.96433186903596
2022-06-08,10.96552113816142
2022-06-09,10.966710925102234
2022-06-10,10.967901218682528
2022-06-11,10.969092052429914
2022-06-12,10.970283433794975
2022-06-13,10.971475422382355
2022-06-14,10.972668007016182
2022-06-15,10.97386122122407
2022-06-16,10.975055061280727
2022-06-17,10.97624959051609
2022-06-18,10.977444771677256
2022-06-19,10.978640716522932
2022-06-20,10.979837331920862
2022-06-21,10.981034740805626
2022-06-22,10.982232928276062
2022-06-23,10.98343189060688
2022-06-24,10.984631665050983
2022-06-25,10.985832281410694
2022-06-26,10.987033803015947
2022-06-27,10.98823618888855
2022-06-28,10.989439461380243
2022-06-29,10.990643635392189
2022-06-30,10.991848785430193
2022-07-01,10.993054889142513
2022-07-02,10.994262013584375
2022-07-03,10.995470136404037
2022-07-04,10.996679339557886
2022-07-05,10.997889548540115
2022-07-06,10.99910082668066
2022-07-07,11.000313259661198
2022-07-08,11.001526791602373
2022-07-09,11.002741452306509
2022-07-10,11.003957279026508
2022-07-11,11.005174361169338
2022-07-12,11.006392627954483
2022-07-13,11.007612090557814
2022-07-14,11.008832827210426
2022-07-15,11.010054871439934
2022-07-16,11.011278223246336
2022-07-17,11.012502864003181
2022-07-18,11.013728886842728
2022-07-19,11.014956258237362
2022-07-20,11.016185022890568
2022-07-21,11.017415214329958
2022-07-22,11.018646821379662
2022-07-23,11.019879911094904
2022-07-24,11.021114476025105
2022-07-25,11.022350557148457
2022-07-26,11.023588132113218
2022-07-27,11.024827286601067
2022-07-28,11.026067987084389
2022-07-29,11.027310270816088
2022-07-30,11.028554193675518
2022-07-31,11.029799781739712
2022-08-01,11.031046994030476
2022-08-02,11.032295882701874
2022-08-03,11.03354650363326
2022-08-04,11.034798834472895
2022-08-05,11.036052953451872
2022-08-06,11.03730883076787
2022-08-07,11.038566447794437
2022-08-08,11.039825953543186
2022-08-09,11.04108727350831
2022-08-10,11.042350456118584
2022-08-11,11.043615501374006
2022-08-12,11.044882468879223
2022-08-13,11.046151388436556
2022-08-14,11.047422219067812
2022-08-15,11.04869506135583
2022-08-16,11.049969885498285
2022-08-17,11.051246739923954
2022-08-18,11.052525594830513
2022-08-19,11.05380653962493
2022-08-20,11.055089592933655
2022-08-21,11.056374713778496
2022-08-22,11.057661965489388
2022-08-23,11.058951415121555
2022-08-24,11.060242984443903
2022-08-25,11.061536777764559
2022-08-26,11.062832776457071
2022-08-27,11.064130999147892
2022-08-28,11.065431497991085
2022-08-29,11.066734291613102
2022-08-30,11.06803934276104
2022-08-31,11.06934678554535
2022-09-01,11.070656564086676
2022-09-02,11.071968670934439
2022-09-03,11.073283195495605
2022-09-04,11.074600115418434
2022-09-05,11.07591950148344
2022-09-06,11.07724130153656
2022-09-07,11.078565634787083
2022-09-08,11.07989239320159
2022-09-09,11.081221755594015
2022-09-10,11.08255359530449
2022-09-11,11.083888053894043
2022-09-12,11.085225060582161
2022-09-13,11.086564678698778
2022-09-14,11.087906908243895
2022-09-15,11.089251823723316
2022-09-16,11.090599332004786
2022-09-17,11.091949611902237
2022-09-18,11.093302581459284
2022-09-19,11.094658244401217
2022-09-20,11.09601667150855
2022-09-21,11.097377937287092
2022-09-22,11.098741926252842
2022-09-23,11.100108750164509
2022-09-24,11.101478450000286
2022-09-25,11.102850932627916
2022-09-26,11.10422632843256
2022-09-27,11.105604596436024
2022-09-28,11.106985840946436
2022-09-29,11.10836997628212
2022-09-30,11.109757076948881
2022-10-01,11.111147176474333
2022-10-02,11.112540248781443
2022-10-03,11.113936308771372
2022-10-04,11.115335494279861
2022-10-05,11.11673766002059
2022-10-06,11.118142880499363
2022-10-07,11.119551241397858
2022-10-08,11.120962735265493
2022-10-09,11.12237736955285
2022-10-10,11.123795125633478
2022-10-11,11.12521606311202
2022-10-12,11.126640196889639
2022-10-13,11.128067523241043
2022-10-14,11.129498090595007
2022-10-15,11.130931928753853
2022-10-16,11.13236902654171
2022-10-17,11.13380939885974
2022-10-18,11.135253090411425
2022-10-19,11.136700119823217
2022-10-20,11.138150461018085
2022-10-21,11.139604181051254
2022-10-22,11.141061279922724
2022-10-23,11.142521798610687
2022-10-24,11.14398567378521
2022-10-25,11.145453065633774
2022-10-26,11.146923877298832
2022-10-27,11.148398123681545
2022-10-28,11.14987589046359
2022-10-29,11.151357155293226
2022-10-30,11.152841933071613
2022-10-31,11.154330253601074
2022-11-01,11.155822172760963
2022-11-02,11.157317604869604
2022-11-03,11.158816684037447
2022-11-04,11.160319309681654
2022-11-05,11.161825638264418
2022-11-06,11.16333556547761
2022-11-07,11.164849147200584
2022-11-08,11.166366409510374
2022-11-09,11.16788737848401
2022-11-10,11.169412028044462
2022-11-11,11.170940458774567
2022-11-12,11.172472558915615
2022-11-13,11.174008458852768
2022-11-14,11.175548125058413
2022-11-15,11.17709156870842
2022-11-16,11.178638827055693
2022-11-17,11.18018989264965
2022-11-18,11.181744799017906
2022-11-19,11.183303568512201
2022-11-20,11.184866167604923
2022-11-21,11.186432655900717
2022-11-22,11.188003078103065
2022-11-23,11.189577367156744
2022-11-24,11.1911556199193
2022-11-25,11.192737735807896
2022-11-26,11.194323901087046
2022-11-27,11.195913922041655
2022-11-28,11.19750801846385
2022-11-29,11.199106082320213
2022-11-30,11.200708128511906
2022-12-01,11.20231419429183
2022-12-02,11.203924294561148
2022-12-03,11.205538477748632
2022-12-04,11.20715668424964
2022-12-05,11.208779007196426
2022-12-06,11.210405357182026
2022-12-07,11.212035838514566
2022-12-08,11.2136704698205
2022-12-09,11.215309154242277
2022-12-10,11.21695201098919
2022-12-11,11.218599025160074
2022-12-12,11.22025015577674
2022-12-13,11.221905529499054
2022-12-14,11.22356502711773
2022-12-15,11.225228738039732
2022-12-16,11.22689663991332
2022-12-17,11.22856878861785
2022-12-18,11.230245124548674
2022-12-19,11.231925755739212
2022-12-20,11.233610566705465
2022-12-21,11.235299695283175
2022-12-22,11.236993074417114
2022-12-23,11.238690726459026
2022-12-24,11.240392658859491
2022-12-25,11.242098916321993
2022-12-26,11.243809498846531
2022-12-27,11.245524372905493
2022-12-28,11.24724356457591
2022-12-29,11.248967096209526
2022-12-30,11.25069497898221
2022-12-31,11.252427205443382
2023-01-01,11.25416387245059
2023-01-02,11.25590481236577
2023-01-03,11.257650200277567
2023-01-04,11.259399935603142
2023-01-05,11.26115407049656
2023-01-06,11.262912604957819
2023-01-07,11.264675576239824
2023-01-08,11.266442969441414
2023-01-09,11.268214769661427
2023-01-10,11.269990988075733
2023-01-11,11.271771680563688
2023-01-12,11.27355683222413
2023-01-13,11.275346349924803
2023-01-14,11.277140438556671
2023-01-15,11.278938937932253
2023-01-16,11.280741885304451
2023-01-17,11.282549317926168
2023-01-18,11.284361265599728
2023-01-19,11.286177638918161
2023-01-20,11.28799856454134
2023-01-21,11.289823971688747
2023-01-22,11.291653871536255
2023-01-23,11.293488293886185
2023-01-24,11.295327197760344
2023-01-25,11.297170635312796
2023-01-26,11.299018580466509
2023-01-27,11.300871029496193
2023-01-28,11.302728049457073
2023-01-29,11.304589536041021
2023-01-30,11.306455604732037
2023-01-31,11.308326184749603
2023-02-01,11.310201272368431
2023-02-02,11.312080971896648
2023-02-03,11.313965145498514
2023-02-04,11.315853878855705
2023-02-05,11.317747168242931
2023-02-06,11.319645006209612
2023-02-07,11.321547377854586
2023-02-08,11.323454279452562
2023-02-09,11.325365740805864
2023-02-10,11.327281776815653
2023-02-11,11.329202320426702
2023-02-12,11.331127431243658
2023-02-13,11.333057090640068
2023-02-14,11.334991328418255
2023-02-15,11.336930051445961
2023-02-16,11.338873378932476
2023-02-17,11.340821221470833
2023-02-18,11.342773631215096
2023-02-19,11.34473056718707
2023-02-20,11.34669203683734
2023-02-21,11.348658084869385
2023-02-22,11.350628640502691
2023-02-23,11.352603748440742
2023-02-24,11.354583371430635
2023-02-25,11.356567494571209
2023-02-26,11.35855620354414
2023-02-27,11.360549379140139
2023-02-28,11.362547118216753
2023-03-01,11.364549353718758
2023-03-02,11.366556141525507
2023-03-03,11.368567362427711
2023-03-04,11.37058312445879
2023-03-05,11.37260340154171
2023-03-06,11.374628137797117
2023-03-07,11.376657407730818
2023-03-08,11.378691084682941
2023-03-09,11.380729284137487
2023-03-10,11.382771976292133
2023-03-11,11.384819101542234
2023-03-12,11.386870689690113
2023-03-13,11.388926729559898
2023-03-14,11.390987150371075
2023-03-15,11.393052082508802
2023-03-16,11.395121421664953
2023-03-17,11.397195167839527
2023-03-18,11.399273343384266
2023-03-19,11.401355907320976
2023-03-20,11.403442867100239
2023-03-21,11.405534218996763
2023-03-22,11.407629929482937
2023-03-23,11.409730024635792
2023-03-24,11.411834482103586
2023-03-25,11.413943249732256
2023-03-26,11.416056398302317
2023-03-27,11.418173842132092
2023-03-28,11.420295614749193
2023-03-29,11.422421660274267
2023-03-30,11.424552045762539
2023-03-31,11.42668667808175
2023-04-01,11.428825609385967
2023-04-02,11.430968761444092
2023-04-03,11.433116164058447
2023-04-04,11.43526779487729
2023-04-05,11.437423668801785
2023-04-06,11.439583729952574
2023-04-07,11.441747963428497
2023-04-08,11.443916395306587
2023-04-09,11.446089006960392
2023-04-10,11.448265705257654
2023-04-11,11.45044657588005
2023-04-12,11.452631566673517
2023-04-13,11.45482063665986
2023-04-14,11.457013808190823
2023-04-15,11.45921103283763
2023-04-16,11.461412329226732
2023-04-17,11.463617663830519
2023-04-18,11.465826999396086
2023-04-19,11.468040350824594
2023-04-20,11.470257673412561
2023-04-21,11.472478982061148
2023-04-22,11.47470424324274
2023-04-23,11.476933419704437
2023-04-24,11.47916654497385
2023-04-25,11.48140350729227
2023-04-26,11.483644369989634
2023-04-27,11.485889069736004
2023-04-28,11.488137636333704
2023-04-29,11.490389972925186
2023-04-30,11.492646116763353
2023-05-01,11.494906064122915
2023-05-02,11.497169710695744
2023-05-03,11.499437127262354
2023-05-04,11.50170823186636
2023-05-05,11.503983046859503
2023-05-06,11.506261475384235
2023-05-07,11.508543565869331
2023-05-08,11.510829281061888
2023-05-09,11.513118602335453
2023-05-10,11.515411481261253
2023-05-11,11.517707914113998
2023-05-12,11.520007833838463
2023-05-13,11.522311266511679
2023-05-14,11.524618178606033
2023-05-15,11.526928532868624
2023-05-16,11.52924232929945
2023-05-17,11.531559497117996
2023-05-18,11.533880021423101
2023-05-19,11.536203861236572
2023-05-20,11.538531091064215
2023-05-21,11.540861535817385
2023-05-22,11.543195255100727
2023-05-23,11.545532207936049
2023-05-24,11.547872375696898
2023-05-25,11.550215680152178
2023-05-26,11.552562180906534
2023-05-27,11.554911788553
2023-05-28,11.5572644546628
2023-05-29,11.559620168060064
2023-05-30,11.561978951096535
2023-05-31,11.564340688288212
2023-06-01,11.566705398261547
2023-06-02,11.569073036313057
2023-06-03,11.571443561464548
2023-06-04,11.573816932737827
2023-06-05,11.576193165034056
2023-06-06,11.57857220992446
2023-06-07,11.580953974276781
2023-06-08,11.583338525146246
2023-06-09,11.585725761950016
2023-06-10,11.588115647435188
2023-06-11,11.59050815179944
2023-06-12,11.592903297394514
2023-06-13,11.5953009724617
2023-06-14,11.597701136022806
2023-06-15,11.600103821605444
2023-06-16,11.602508995682001
2023-06-17,11.604916524142027
2023-06-18,11.607326444238424
2023-06-19,11.60973872244358
2023-06-20,11.61215329542756
2023-06-21,11.61457009240985
2023-06-22,11.61698916554451
2023-06-23,11.619410384446383
2023-06-24,11.621833749115467
2023-06-25,11.62425922229886
2023-06-26,11.62668677419424
2023-06-27,11.629116367548704
2023-06-28,11.631547894328833
2023-06-29,11.63398139551282
2023-06-30,11.636416748166084
2023-07-01,11.638854041695595
2023-07-02,11.641293097287416
2023-07-03,11.64373392984271
2023-07-04,11.646176494657993
2023-07-05,11.64862072467804
2023-07-06,11.651066586375237
2023-07-07,11.653514072299004
2023-07-08,11.655963100492954
2023-07-09,11.658413633704185
2023-07-10,11.660865649580956
2023-07-11,11.663319058716297
2023-07-12,11.665773835033178
2023-07-13,11.668229926377535
2023-07-14,11.670687276870012
2023-07-15,11.67314587160945
2023-07-16,11.675605665892363
2023-07-17,11.678066562861204
2023-07-18,11.680528547614813
2023-07-19,11.682991530746222
2023-07-20,11.68545550480485
2023-07-21,11.687920458614826
2023-07-22,11.690386239439249
2023-07-23,11.692852858453989
2023-07-24,11.695320263504982
2023-07-25,11.697788428515196
2023-07-26,11.70025722682476
2023-07-27,11.702726598829031
2023-07-28,11.705196630209684
2023-07-29,11.707667127251625
2023-07-30,11.710138078778982
2023-07-31,11.712609458714724
2023-08-01,11.715081188827753
2023-08-02,11.717553187161684
2023-08-03,11.720025483518839
2023-08-04,11.722497921437025
2023-08-05,11.724970519542694
2023-08-06,11.727443143725395
2023-08-07,11.729915805161
2023-08-08,11.73238842561841
2023-08-09,11.734860967844725
2023-08-10,11.737333346158266
2023-08-11,11.739805448800325
2023-08-12,11.742277324199677
2023-08-13,11.744748871773481
2023-08-14,11.747219987213612
2023-08-15,11.749690674245358
2023-08-16,11.752160836011171
2023-08-17,11.754630409181118
2023-08-18,11.757099360227585
2023-08-19,11.759567566215992
2023-08-20,11.76203503832221
2023-08-21,11.764501664787531
2023-08-22,11.766967426985502
2023-08-23,11.769432190805674
2023-08-24,11.771895930171013
2023-08-25,11.774358604103327
2023-08-26,11.776820082217455
2023-08-27,11.77928040549159
2023-08-28,11.781739421188831
2023-08-29,11.784197051078081
2023-08-30,11.786653280258179
2023-08-31,11.789108015596867
2023-09-01,11.791561231017113
2023-09-02,11.794012796133757
2023-09-03,11.796462651342154
2023-09-04,11.7989107593894
2023-09-05,11.801357045769691
2023-09-06,11.803801398724318
2023-09-07,11.806243766099215
2023-09-08,11.808684159070253
2023-09-09,11.811122339218855
2023-09-10,11.813558407127857
2023-09-11,11.815992176532745
2023-09-12,11.818423625081778
2023-09-13,11.820852644741535
2023-09-14,11.823279194533825
2023-09-15,11.825703155249357
2023-09-16,11.828124534338713
2023-09-17,11.830543134361506
2023-09-18,11.83295900002122
2023-09-19,11.835371997207403
2023-09-20,11.837782047688961
2023-09-21,11.840189076960087
2023-09-22,11.842592988163233
2023-09-23,11.84499379992485
2023-09-24,11.84739127382636
2023-09-25,11.84978548064828
2023-09-26,11.8521762304008
2023-09-27,11.854563515633345
2023-09-28,11.85694719851017
2023-09-29,11.859327238053083
2023-09-30,11.86170356720686
2023-10-01,11.864076066762209
2023-10-02,11.866444654762745
2023-10-03,11.868809260427952
2023-10-04,11.87116977199912
2023-10-05,11.87352616712451
2023-10-06,11.87587832286954
2023-10-07,11.878226112574339
2023-10-08,11.880569577217102
2023-10-09,11.882908463478088
2023-10-10,11.885242838412523
2023-10-11,11.88757248967886
2023-10-12,11.889897376298904
2023-10-13,11.892217468470335
2023-10-14,11.894532579928637
2023-10-15,11.896842665970325
2023-10-16,11.899147685617208
2023-10-17,11.901447467505932
2023-10-18,11.903741974383593
2023-10-19,11.90603106841445
2023-10-20,11.908314723521471
2023-10-21,11.910592779517174
2023-10-22,11.912865180522203
2023-10-23,11.915131840854883
2023-10-24,11.917392618954182
2023-10-25,11.919647485017776
2023-10-26,11.921896286308765
2023-10-27,11.924138952046633
2023-10-28,11.926375426352024
2023-10-29,11.928605515509844
2023-10-30,11.930829238146544
2023-10-31,11.933046385645866
2023-11-01,11.935256980359554
2023-11-02,11.937460787594318
2023-11-03,11.939657807350159
2023-11-04,11.941847901791334
2023-11-05,11.94403101876378
2023-11-06,11.946206975728273
2023-11-07,11.94837573170662
2023-11-08,11.95053718239069
2023-11-09,11.95269113779068
2023-11-10,11.954837672412395
2023-11-11,11.956976499408484
2023-11-12,11.959107618778944
2023-11-13,11.961230896413326
2023-11-14,11.963346250355244
2023-11-15,11.965453520417213
2023-11-16,11.967552691698074
2023-11-17,11.969643589109182
2023-11-18,11.971726059913635
2023-11-19,11.973800126463175
2023-11-20,11.975865576416254
2023-11-21,11.977922338992357
2023-11-22,11.979970294982195
2023-11-23,11.982009328901768
2023-11-24,11.984039403498173
2023-11-25,11.98606028035283
2023-11-26,11.988071948289871
2023-11-27,11.990074221044779
2023-11-28,11.992067031562328
2023-11-29,11.994050331413746
2023-11-30,11.99602385982871
2023-12-01,11.997987627983093
2023-12-02,11.999941449612379
2023-12-03,12.00188522413373
2023-12-04,12.003818865865469
2023-12-05,12.005742195993662
2023-12-06,12.007655177265406
2023-12-07,12.009557623416185
2023-12-08,12.011449452489614
2023-12-09,12.013330556452274
2023-12-10,12.015200797468424
2023-12-11,12.017060026526451
2023-12-12,12.018908184021711
2023-12-13,12.020745124667883
2023-12-14,12.022570665925741
2023-12-15,12.024384759366512
2023-12-16,12.026187296956778
2023-12-17,12.027978081256151
2023-12-18,12.029757060110569
2023-12-19,12.031524017453194
2023-12-20,12.033278930932283
2023-12-21,12.035021644085646
2023-12-22,12.03675202652812
2023-12-23,12.038469903171062
2023-12-24,12.040175177156925
2023-12-25,12.041867777705193
2023-12-26,12.043547492474318
2023-12-27,12.045214265584946
2023-12-28,12.046867914497852
2023-12-29,12.048508275300264
2023-12-30,12.050135314464569
2023-12-31,12.051748845726252
2024-01-01,12.053348738700151
2024-01-02,12.05493488162756
2024-01-03,12.05650707706809
2024-01-04,12.05806527286768
2024-01-05,12.059609327465296
2024-01-06,12.061139032244682
2024-01-07,12.062654301524162
2024-01-08,12.064155023545027
2024-01-09,12.065640985965729
2024-01-10,12.067112155258656
2024-01-11,12.068568281829357
2024-01-12,12.070009335875511
2024-01-13,12.07143509760499
2024-01-14,12.072845440357924
2024-01-15,12.074240259826183
2024-01-16,12.075619410723448
2024-01-17,12.07698269188404
2024-01-18,12.078330010175705
2024-01-19,12.079661212861538
2024-01-20,12.08097616955638
2024-01-21,12.082274716347456
2024-01-22,12.083556711673737
2024-01-23,12.08482201397419
2024-01-24,12.086070511490107
2024-01-25,12.08730198815465
2024-01-26,12.08851633965969
2024-01-27,12.089713402092457
2024-01-28,12.090893048793077
2024-01-29,12.092055104672909
2024-01-30,12.093199461698532
2024-01-31,12.094325941056013
2024-02-01,12.095434352755547
2024-02-02,12.096524599939585
2024-02-03,12.097596522420645
2024-02-04,12.098649956285954
2024-02-05,12.099684730172157
2024-02-06,12.100700717419386
2024-02-07,12.10169779136777
2024-02-08,12.10267574712634
2024-02-09,12.103634417057037
2024-02-10,12.104573655873537
2024-02-11,12.105493366718292
2024-02-12,12.106393296271563
2024-02-13,12.107273407280445
2024-02-14,12.108133409172297
2024-02-15,12.108973201364279
2024-02-16,12.109792657196522
2024-02-17,12.110591534525156
2024-02-18,12.111369729042053
2024-02-19,12.112127117812634
2024-02-20,12.112863410264254
2024-02-21,12.113578576594591
2024-02-22,12.114272378385067
2024-02-23,12.11494468525052
2024-02-24,12.115595284849405
2024-02-25,12.116224031895399
2024-02-26,12.116830792278051
2024-02-27,12.117415335029364
2024-02-28,12.117977559566498
2024-02-29,12.118517268449068
2024-03-01,12.11903427168727
2024-03-02,12.11952842772007
2024-03-03,12.119999535381794
2024-03-04,12.12044745311141
2024-03-05,12.120871990919113
2024-03-06,12.121273044496775
2024-03-07,12.12165031209588
2024-03-08,12.122003674507141
2024-03-09,12.122332997620106
2024-03-10,12.122638080269098
2024-03-11,12.122918728739023
2024-03-12,12.123174771666527
2024-03-13,12.12340608611703
2024-03-14,12.123612359166145
2024-03-15,12.123793561011553
2024-03-16,12.123949408531189
2024-03-17,12.124079812318087
2024-03-18,12.124184522777796
2024-03-19,12.12426332756877
2024-03-20,12.124316152185202
2024-03-21,12.124342706054449
2024-03-22,12.124342884868383
2024-03-23,12.124316424131393
2024-03-24,12.124263290315866
2024-03-25,12.124183122068644
2024-03-26,12.124075800180435
2024-03-27,12.123941149562597
2024-03-28,12.123778969049454
2024-03-29,12.123589046299458
2024-03-30,12.123371299356222
2024-03-31,12.12312537431717
2024-04-01,12.122851211577654
2024-04-02,12.122548554092646
2024-04-03,12.122217290103436
2024-04-04,12.121857073158026
2024-04-05,12.121467869728804
2024-04-06,12.121049381792545
2024-04-07,12.120601434260607
2024-04-08,12.120123889297247
2024-04-09,12.119616512209177
2024-04-10,12.119079038500786
2024-04-11,12.118511352688074
2024-04-12,12.117913290858269
2024-04-13,12.117284588515759
2024-04-14,12.116625040769577
2024-04-15,12.115934409201145
2024-04-16,12.115212641656399
2024-04-17,12.114459369331598
2024-04-18,12.113674521446228
2024-04-19,12.112857807427645
2024-04-20,12.112009052187204
2024-04-21,12.111128013581038
2024-04-22,12.110214531421661
2024-04-23,12.10926841571927
2024-04-24,12.108289435505867
2024-04-25,12.107277374714613
2024-04-26,12.10623200982809
2024-04-27,12.105153173208237
2024-04-28,12.10404060408473
2024-04-29,12.102894142270088
2024-04-30,12.10171353816986
2024-05-01,12.100498612970114
2024-05-02,12.099249128252268
2024-05-03,12.097964890301228
2024-05-04,12.096645642071962
2024-05-05,12.09529122337699
2024-05-06,12.0939014069736
2024-05-07,12.092475928366184
2024-05-08,12.091014634817839
2024-05-09,12.089517287909985
2024-05-10,12.08798361197114
2024-05-11,12.086413491517305
2024-05-12,12.084806632250547
2024-05-13,12.083162810653448
2024-05-14,12.081481836736202
2024-05-15,12.07976347208023
2024-05-16,12.078007485717535
2024-05-17,12.07621368765831
2024-05-18,12.074381817132235
2024-05-19,12.072511695325375
2024-05-20,12.070603013038635
2024-05-21,12.068655624985695
2024-05-22,12.066669255495071
2024-05-23,12.064643699675798
2024-05-24,12.062578711658716
2024-05-25,12.060474094003439
2024-05-26,12.058329537510872
2024-05-27,12.056144874542952
2024-05-28,12.053919918835163
2024-05-29,12.05165433511138
2024-05-30,12.049347963184118
2024-05-31,12.047000512480736
2024-06-01,12.044611796736717
2024-06-02,12.04218153283
2024-06-03,12.03970953822136
2024-06-04,12.037195533514023
2024-06-05,12.034639302641153
2024-06-06,12.032040599733591
2024-06-07,12.029399186372757
2024-06-08,12.026714786887169
2024-06-09,12.02398719266057
2024-06-10,12.021216198801994
2024-06-11,12.018401466310024
2024-06-12,12.015542849898338
2024-06-13,12.012640062719584
2024-06-14,12.00969285145402
2024-06-15,12.006700936704874
2024-06-16,12.003664188086987
2024-06-17,12.000582199543715
2024-06-18,11.997454840689898
2024-06-19,11.994281832128763
2024-06-20,11.991062916815281
2024-06-21,11.987797822803259
2024-06-22,11.984486363828182
2024-06-23,11.981128189712763
2024-06-24,11.977723143994808
2024-06-25,11.974270898848772
2024-06-26,11.970771227031946
2024-06-27,11.967223893851042
2024-06-28,11.963628631085157
2024-06-29,11.95998515188694
2024-06-30,11.95629321038723
2024-07-01,11.95255259424448
2024-07-02,11.948763001710176
2024-07-03,11.944924138486385
2024-07-04,11.941035781055689
2024-07-05,11.937097728252411
2024-07-06,11.933109644800425
2024-07-07,11.929071214050055
2024-07-08,11.924982260912657
2024-07-09,11.920842565596104
2024-07-10,11.916651714593172
2024-07-11,11.91240955889225
2024-07-12,11.908115789294243
2024-07-13,11.903770126402378
2024-07-14,11.899372331798077
2024-07-15,11.894922096282244
2024-07-16,11.890419162809849
2024-07-17,11.885863270610571
2024-07-18,11.881254114210606
2024-07-19,11.876591514796019
2024-07-20,11.871875051409006
2024-07-21,11.86710461974144
2024-07-22,11.862279750406742
2024-07-23,11.857400313019753
2024-07-24,11.852466024458408
2024-07-25,11.84747650846839
2024-07-26,11.842431582510471
2024-07-27,11.837330903857946
2024-07-28,11.832174204289913
2024-07-29,11.826961256563663
2024-07-30,11.821691673249006
2024-07-31,11.816365297883749
2024-08-01,11.810981750488281
2024-08-02,11.805540770292282
2024-08-03,11.80004209652543
2024-08-04,11.79448539018631
2024-08-05,11.78887041285634
2024-08-06,11.783196836709976
2024-08-07,11.77746445685625
2024-08-08,11.771672882139683
2024-08-09,11.765821866691113
2024-08-10,11.759911101311445
2024-08-11,11.753940302878618
2024-08-12,11.74790920317173
2024-08-13,11.741817492991686
2024-08-14,11.73566484451294
2024-08-15,11.729450944811106
2024-08-16,11.723175596445799
2024-08-17,11.716838426887989
2024-08-18,11.710439149290323
2024-08-19,11.703977424651384
2024-08-20,11.697453066706657
2024-08-21,11.690865691751242
2024-08-22,11.68421496450901
2024-08-23,11.677500672638416
2024-08-24,11.670722465962172
2024-08-25,11.663879998028278
2024-08-26,11.656973019242287
2024-08-27,11.650001231580973
2024-08-28,11.642964284867048
2024-08-29,11.635861918330193
2024-08-30,11.628693751990795
2024-08-31,11.621459558606148
2024-09-01,11.614158999174833
2024-09-02,11.606791663914919
2024-09-03,11.599357422441244
2024-09-04,11.591855809092522
2024-09-05,11.584286633878946
2024-09-06,11.576649460941553
2024-09-07,11.568944040685892
2024-09-08,11.561170052736998
2024-09-09,11.553327143192291
2024-09-10,11.545415047556162
2024-09-11,11.53743339702487
2024-09-12,11.529381889849901
2024-09-13,11.521260250359774
2024-09-14,11.513068072497845
2024-09-15,11.504805114120245
2024-09-16,11.496471017599106
2024-09-17,11.488065350800753
2024-09-18,11.479587987065315
2024-09-19,11.471038471907377
2024-09-20,11.462416533380747
2024-09-21,11.453721798956394
2024-09-22,11.444953929632902
2024-09-23,11.43611266836524
2024-09-24,11.42719766870141
2024-09-25,11.418208476155996
2024-09-26,11.409144911915064
2024-09-27,11.40000656619668
2024-09-28,11.390793114900589
2024-09-29,11.381504248827696
2024-09-30,11.372139554470778
